"County","year_num","quarter_num","Completeness_pct","Administered_Dose1_Recip","Administered_Dose1_Pop_Pct","Series_Complete_Yes","Series_Complete_Pop_Pct","Booster_Doses","Booster_Doses_Vax_Pct","Series_Complete_Pop_Pct_SVI","Booster_Doses_Vax_Pct_SVI","Census2019","Sales","Num_Units"
"Adams County",2017,1,0,0,0,0,0,0,0,0,0,19983,65893543,5277
"Adams County",2017,2,0,0,0,0,0,0,0,0,0,19983,76964664,5575
"Adams County",2017,3,0,0,0,0,0,0,0,0,0,19983,79163646,5922
"Adams County",2017,4,0,0,0,0,0,0,0,0,0,19983,71856968,6815
"Adams County",2018,1,0,0,0,0,0,0,0,0,0,19983,64391623,5412
"Adams County",2018,2,0,0,0,0,0,0,0,0,0,19983,84115725,5583
"Adams County",2018,3,0,0,0,0,0,0,0,0,0,19983,92214551,5842
"Adams County",2018,4,0,0,0,0,0,0,0,0,0,19983,85610133,6795
"Adams County",2019,1,0,0,0,0,0,0,0,0,0,19983,74777455,6533
"Adams County",2019,2,0,0,0,0,0,0,0,0,0,19983,89532610,7182
"Adams County",2019,3,0,0,0,0,0,0,0,0,0,19983,94983623,7531
"Adams County",2019,4,0,0,0,0,0,0,0,0,0,19983,101955188,8314
"Adams County",2020,1,0,0,0,0,0,0,0,0,0,19983,98178816,7992
"Adams County",2020,2,0,0,0,0,0,0,0,0,0,19983,144766929,8821
"Adams County",2020,3,0,0,0,0,0,0,0,0,0,19983,132546602,8893
"Adams County",2020,4,0,0,0,0,0,0,0,0,0,19983,107839325,9811
"Adams County",2021,1,96,3815,19.1,2362,11.8,0,0,13,0,19983,211440641,9399
"Adams County",2021,2,96.1,8062,40.3,7179,35.9,0,0,14,0,19983,117881076,9777
"Adams County",2021,3,96.2,10684,53.5,9403,47.1,0,0,15,0,19983,120950802,9706
"Adams County",2021,4,96.2,12234,61.2,11040,55.2,2680,24.3,16,0,19983,107709051,10499
"Adams County",2022,1,96.2,13181,66,11938,59.7,4222,35.4,16,14,19983,91560624,9621
"Adams County",2022,2,96.1,13420,67.2,12152,60.8,4772,39.3,14,14,19983,100283795,9977
"Adams County",2022,3,96.1,13649,68.3,12304,61.6,5090,41.4,14,15,19983,110775230,9841
"Asotin County",2017,1,0,0,0,0,0,0,0,0,0,22582,69699865,4502
"Asotin County",2017,2,0,0,0,0,0,0,0,0,0,22582,80196289,4679
"Asotin County",2017,3,0,0,0,0,0,0,0,0,0,22582,82192132,4824
"Asotin County",2017,4,0,0,0,0,0,0,0,0,0,22582,80903712,5794
"Asotin County",2018,1,0,0,0,0,0,0,0,0,0,22582,73406279,4560
"Asotin County",2018,2,0,0,0,0,0,0,0,0,0,22582,84246436,4710
"Asotin County",2018,3,0,0,0,0,0,0,0,0,0,22582,88477899,4815
"Asotin County",2018,4,0,0,0,0,0,0,0,0,0,22582,92169735,5853
"Asotin County",2019,1,0,0,0,0,0,0,0,0,0,22582,80298576,5714
"Asotin County",2019,2,0,0,0,0,0,0,0,0,0,22582,94137538,6151
"Asotin County",2019,3,0,0,0,0,0,0,0,0,0,22582,98822625,6421
"Asotin County",2019,4,0,0,0,0,0,0,0,0,0,22582,99609276,7292
"Asotin County",2020,1,0,0,0,0,0,0,0,0,0,22582,88056371,6973
"Asotin County",2020,2,0,0,0,0,0,0,0,0,0,22582,94918756,7697
"Asotin County",2020,3,0,0,0,0,0,0,0,0,0,22582,106877889,7856
"Asotin County",2020,4,0,0,0,0,0,0,0,0,0,22582,107327296,8655
"Asotin County",2021,1,96,4780,21.2,3465,15.3,0,0,5,0,22582,97115577,8424
"Asotin County",2021,2,96.1,7376,32.7,6888,30.5,0,0,6,0,22582,111075953,8759
"Asotin County",2021,3,96.2,8892,39.4,8073,35.7,0,0,6,0,22582,111053944,8699
"Asotin County",2021,4,96.2,10247,45.4,8935,39.6,3453,38.6,6,0,22582,116361807,9648
"Asotin County",2022,1,96.2,10779,47.7,9290,41.1,4426,47.6,7,7,22582,105076706,8968
"Asotin County",2022,2,96.1,10959,48.5,9537,42.2,4645,48.7,5,7,22582,121230795,9216
"Asotin County",2022,3,96.1,11099,49.1,9691,42.9,4800,49.5,5,7,22582,126419332,9190
"Benton County",2017,1,0,0,0,0,0,0,0,0,0,204390,835987255,23757
"Benton County",2017,2,0,0,0,0,0,0,0,0,0,204390,1025592002,25405
"Benton County",2017,3,0,0,0,0,0,0,0,0,0,204390,1021382989,26279
"Benton County",2017,4,0,0,0,0,0,0,0,0,0,204390,1022681252,31220
"Benton County",2018,1,0,0,0,0,0,0,0,0,0,204390,920332158,24323
"Benton County",2018,2,0,0,0,0,0,0,0,0,0,204390,1059052183,25011
"Benton County",2018,3,0,0,0,0,0,0,0,0,0,204390,1084373055,25697
"Benton County",2018,4,0,0,0,0,0,0,0,0,0,204390,1105336829,30163
"Benton County",2019,1,0,0,0,0,0,0,0,0,0,204390,954925033,28670
"Benton County",2019,2,0,0,0,0,0,0,0,0,0,204390,1180718861,31639
"Benton County",2019,3,0,0,0,0,0,0,0,0,0,204390,1210592623,33018
"Benton County",2019,4,0,0,0,0,0,0,0,0,0,204390,1287383188,36484
"Benton County",2020,1,0,0,0,0,0,0,0,0,0,204390,1054737786,34751
"Benton County",2020,2,0,0,0,0,0,0,0,0,0,204390,1072487559,37052
"Benton County",2020,3,0,0,0,0,0,0,0,0,0,204390,1240911337,38191
"Benton County",2020,4,0,0,0,0,0,0,0,0,0,204390,1310185677,42847
"Benton County",2021,1,96,49930,24.4,31507,15.4,0,0,9,0,204390,1249942417,41183
"Benton County",2021,2,96.1,95282,46.6,83307,40.8,0,0,11,0,204390,1485847138,43109
"Benton County",2021,3,96.2,120465,58.9,101588,49.7,0,0,11,0,204390,1420349881,43300
"Benton County",2021,4,96.2,121371,59.4,109879,53.8,39834,36.3,12,0,204390,1472084071,47826
"Benton County",2022,1,96.2,126756,62,115220,56.4,53143,46.1,12,11,204390,1318191071,44898
"Benton County",2022,2,96.1,128501,62.9,116985,57.2,56932,48.7,10,11,204390,1481737601,46673
"Benton County",2022,3,96.1,130424,63.8,118476,58,59160,49.9,10,11,204390,1473807084,46683
"Chelan County",2017,1,0,0,0,0,0,0,0,0,0,77200,400402622,16239
"Chelan County",2017,2,0,0,0,0,0,0,0,0,0,77200,504016970,17812
"Chelan County",2017,3,0,0,0,0,0,0,0,0,0,77200,591341246,18341
"Chelan County",2017,4,0,0,0,0,0,0,0,0,0,77200,529301542,21586
"Chelan County",2018,1,0,0,0,0,0,0,0,0,0,77200,436320480,16544
"Chelan County",2018,2,0,0,0,0,0,0,0,0,0,77200,539580829,17621
"Chelan County",2018,3,0,0,0,0,0,0,0,0,0,77200,611289656,18188
"Chelan County",2018,4,0,0,0,0,0,0,0,0,0,77200,573162192,21273
"Chelan County",2019,1,0,0,0,0,0,0,0,0,0,77200,443406606,19718
"Chelan County",2019,2,0,0,0,0,0,0,0,0,0,77200,568977674,22067
"Chelan County",2019,3,0,0,0,0,0,0,0,0,0,77200,631083067,23115
"Chelan County",2019,4,0,0,0,0,0,0,0,0,0,77200,569979429,25244
"Chelan County",2020,1,0,0,0,0,0,0,0,0,0,77200,451660233,23509
"Chelan County",2020,2,0,0,0,0,0,0,0,0,0,77200,505238337,26202
"Chelan County",2020,3,0,0,0,0,0,0,0,0,0,77200,687734408,27334
"Chelan County",2020,4,0,0,0,0,0,0,0,0,0,77200,630093106,30277
"Chelan County",2021,1,96,29271,37.9,19074,24.7,0,0,9,0,77200,561847196,28576
"Chelan County",2021,2,96.1,44783,58,40504,52.5,0,0,12,0,77200,733018899,30411
"Chelan County",2021,3,96.2,52144,67.5,46939,60.8,0,0,12,0,77200,782859687,30748
"Chelan County",2021,4,96.2,57398,74.3,52045,67.4,21288,40.9,12,0,77200,723377066,33090
"Chelan County",2022,1,96.2,59401,76.9,54274,70.3,26545,48.9,12,11,77200,609311604,30591
"Chelan County",2022,2,96.1,60038,77.8,54884,71.1,27893,50.8,11,12,77200,769352209,32450
"Chelan County",2022,3,96.1,60738,78.7,55359,71.7,28784,52,11,12,77200,853900742,32950
"Clallam County",2017,1,0,0,0,0,0,0,0,0,0,77331,253460363,12916
"Clallam County",2017,2,0,0,0,0,0,0,0,0,0,77331,302838031,13582
"Clallam County",2017,3,0,0,0,0,0,0,0,0,0,77331,351270135,14220
"Clallam County",2017,4,0,0,0,0,0,0,0,0,0,77331,311488898,17252
"Clallam County",2018,1,0,0,0,0,0,0,0,0,0,77331,281812784,13026
"Clallam County",2018,2,0,0,0,0,0,0,0,0,0,77331,330435276,13474
"Clallam County",2018,3,0,0,0,0,0,0,0,0,0,77331,372824152,14005
"Clallam County",2018,4,0,0,0,0,0,0,0,0,0,77331,338449489,16695
"Clallam County",2019,1,0,0,0,0,0,0,0,0,0,77331,292234232,15607
"Clallam County",2019,2,0,0,0,0,0,0,0,0,0,77331,361133574,17154
"Clallam County",2019,3,0,0,0,0,0,0,0,0,0,77331,394358648,17950
"Clallam County",2019,4,0,0,0,0,0,0,0,0,0,77331,361805918,20184
"Clallam County",2020,1,0,0,0,0,0,0,0,0,0,77331,310844764,18684
"Clallam County",2020,2,0,0,0,0,0,0,0,0,0,77331,343661608,20193
"Clallam County",2020,3,0,0,0,0,0,0,0,0,0,77331,427464391,21147
"Clallam County",2020,4,0,0,0,0,0,0,0,0,0,77331,402954250,23506
"Clallam County",2021,1,96,32249,41.7,23960,31,0,0,10,0,77331,381444810,22458
"Clallam County",2021,2,96.1,45226,58.5,42063,54.4,0,0,12,0,77331,460210075,23425
"Clallam County",2021,3,96.2,52320,67.7,47369,61.3,0,0,12,0,77331,488331179,23736
"Clallam County",2021,4,96.2,55159,71.3,50769,65.7,26695,52.6,12,0,77331,441883933,25870
"Clallam County",2022,1,96.2,57232,74,52648,68.1,32576,61.9,12,12,77331,406495222,24194
"Clallam County",2022,2,96.1,58082,75.1,53395,69,34361,64.4,11,12,77331,475349532,25038
"Clallam County",2022,3,96.1,58844,76.1,53937,69.7,35189,65.2,11,12,77331,531674957,25346
"Clark County",2017,1,0,0,0,0,0,0,0,0,0,488241,1540447006,39675
"Clark County",2017,2,0,0,0,0,0,0,0,0,0,488241,1806058339,41945
"Clark County",2017,3,0,0,0,0,0,0,0,0,0,488241,1898139730,43073
"Clark County",2017,4,0,0,0,0,0,0,0,0,0,488241,1953481409,51761
"Clark County",2018,1,0,0,0,0,0,0,0,0,0,488241,1754669632,40024
"Clark County",2018,2,0,0,0,0,0,0,0,0,0,488241,1940041497,41421
"Clark County",2018,3,0,0,0,0,0,0,0,0,0,488241,2080788417,42299
"Clark County",2018,4,0,0,0,0,0,0,0,0,0,488241,2143469173,50645
"Clark County",2019,1,0,0,0,0,0,0,0,0,0,488241,1875455901,47452
"Clark County",2019,2,0,0,0,0,0,0,0,0,0,488241,2103357512,50817
"Clark County",2019,3,0,0,0,0,0,0,0,0,0,488241,2230465767,52986
"Clark County",2019,4,0,0,0,0,0,0,0,0,0,488241,2287409562,59451
"Clark County",2020,1,0,0,0,0,0,0,0,0,0,488241,1995735946,55591
"Clark County",2020,2,0,0,0,0,0,0,0,0,0,488241,2055581752,59059
"Clark County",2020,3,0,0,0,0,0,0,0,0,0,488241,2466714966,62216
"Clark County",2020,4,0,0,0,0,0,0,0,0,0,488241,2579126373,69951
"Clark County",2021,1,96,122038,25,69255,14.2,0,0,5,0,488241,2411927642,66061
"Clark County",2021,2,96.1,266680,54.6,237976,48.7,0,0,7,0,488241,2790118940,68958
"Clark County",2021,3,96.2,308908,63.3,275506,56.4,0,0,8,0,488241,2850470128,70031
"Clark County",2021,4,96.2,332560,68.1,298449,61.1,111076,37.2,8,0,488241,2885699590,77533
"Clark County",2022,1,96.2,351052,71.9,314208,64.4,160543,51.1,8,8,488241,2666958120,72873
"Clark County",2022,2,96.1,356794,73.1,320146,65.6,171390,53.5,7,8,488241,2902931079,74906
"Clark County",2022,3,96.1,363179,74.4,324944,66.6,178695,55,7,8,488241,3053310036,75980
"Columbia County",2017,1,0,0,0,0,0,0,0,0,0,3985,15045838,1939
"Columbia County",2017,2,0,0,0,0,0,0,0,0,0,3985,14613175,2119
"Columbia County",2017,3,0,0,0,0,0,0,0,0,0,3985,17540819,2174
"Columbia County",2017,4,0,0,0,0,0,0,0,0,0,3985,20808332,2657
"Columbia County",2018,1,0,0,0,0,0,0,0,0,0,3985,16570116,2094
"Columbia County",2018,2,0,0,0,0,0,0,0,0,0,3985,24224959,2136
"Columbia County",2018,3,0,0,0,0,0,0,0,0,0,3985,18872043,2192
"Columbia County",2018,4,0,0,0,0,0,0,0,0,0,3985,42178638,2642
"Columbia County",2019,1,0,0,0,0,0,0,0,0,0,3985,15630989,2565
"Columbia County",2019,2,0,0,0,0,0,0,0,0,0,3985,52292969,2759
"Columbia County",2019,3,0,0,0,0,0,0,0,0,0,3985,81197612,2919
"Columbia County",2019,4,0,0,0,0,0,0,0,0,0,3985,44665926,3289
"Columbia County",2020,1,0,0,0,0,0,0,0,0,0,3985,32318976,3146
"Columbia County",2020,2,0,0,0,0,0,0,0,0,0,3985,19430916,3524
"Columbia County",2020,3,0,0,0,0,0,0,0,0,0,3985,19104504,3434
"Columbia County",2020,4,0,0,0,0,0,0,0,0,0,3985,20184159,3811
"Columbia County",2021,1,96,1094,27.5,787,19.7,0,0,5,0,3985,20208446,3768
"Columbia County",2021,2,96.1,1512,37.9,1334,33.5,0,0,6,0,3985,22272558,3941
"Columbia County",2021,3,96.2,1886,47.3,1611,40.4,0,0,7,0,3985,24758398,3824
"Columbia County",2021,4,96.2,2002,50.2,1793,45,751,41.9,7,0,3985,24087367,4298
"Columbia County",2022,1,96.2,2062,51.7,1832,46,958,52.3,7,8,3985,19292508,3860
"Columbia County",2022,2,96.1,2084,52.3,1864,46.8,1008,54.1,5,8,3985,22847390,4023
"Columbia County",2022,3,96.1,2104,52.8,1878,47.1,1039,55.3,5,8,3985,23006354,3973
"Cowlitz County",2017,1,0,0,0,0,0,0,0,0,0,110593,379735076,17305
"Cowlitz County",2017,2,0,0,0,0,0,0,0,0,0,110593,438234775,18168
"Cowlitz County",2017,3,0,0,0,0,0,0,0,0,0,110593,450730333,18774
"Cowlitz County",2017,4,0,0,0,0,0,0,0,0,0,110593,456868169,22154
"Cowlitz County",2018,1,0,0,0,0,0,0,0,0,0,110593,417220884,17694
"Cowlitz County",2018,2,0,0,0,0,0,0,0,0,0,110593,473177973,18342
"Cowlitz County",2018,3,0,0,0,0,0,0,0,0,0,110593,505350192,18957
"Cowlitz County",2018,4,0,0,0,0,0,0,0,0,0,110593,483171694,22237
"Cowlitz County",2019,1,0,0,0,0,0,0,0,0,0,110593,427179561,21527
"Cowlitz County",2019,2,0,0,0,0,0,0,0,0,0,110593,495517041,23060
"Cowlitz County",2019,3,0,0,0,0,0,0,0,0,0,110593,516570046,24176
"Cowlitz County",2019,4,0,0,0,0,0,0,0,0,0,110593,541352408,26735
"Cowlitz County",2020,1,0,0,0,0,0,0,0,0,0,110593,488521158,25594
"Cowlitz County",2020,2,0,0,0,0,0,0,0,0,0,110593,541153576,27643
"Cowlitz County",2020,3,0,0,0,0,0,0,0,0,0,110593,608356796,28583
"Cowlitz County",2020,4,0,0,0,0,0,0,0,0,0,110593,616524313,31621
"Cowlitz County",2021,1,96,28371,25.7,15014,13.6,0,0,13,0,110593,579095371,30557
"Cowlitz County",2021,2,96.1,55488,50.2,49737,45,0,0,15,0,110593,656871832,31870
"Cowlitz County",2021,3,96.2,67130,60.7,57795,52.3,0,0,16,0,110593,661609537,31919
"Cowlitz County",2021,4,96.2,68209,61.7,61868,55.9,23318,37.7,16,0,110593,675659826,34872
"Cowlitz County",2022,1,96.2,71159,64.3,64941,58.7,31150,48,16,15,110593,714804313,32994
"Cowlitz County",2022,2,96.1,72066,65.2,65918,59.6,32975,50,14,16,110593,675986342,33814
"Cowlitz County",2022,3,96.1,73002,66,66627,60.2,34143,51.2,14,16,110593,724003048,33997
"Douglas County",2017,1,0,0,0,0,0,0,0,0,0,43429,191836039,7435
"Douglas County",2017,2,0,0,0,0,0,0,0,0,0,43429,229409585,8079
"Douglas County",2017,3,0,0,0,0,0,0,0,0,0,43429,235288890,8411
"Douglas County",2017,4,0,0,0,0,0,0,0,0,0,43429,266187391,9941
"Douglas County",2018,1,0,0,0,0,0,0,0,0,0,43429,214454182,7690
"Douglas County",2018,2,0,0,0,0,0,0,0,0,0,43429,257340617,8169
"Douglas County",2018,3,0,0,0,0,0,0,0,0,0,43429,250128728,8334
"Douglas County",2018,4,0,0,0,0,0,0,0,0,0,43429,291066896,9791
"Douglas County",2019,1,0,0,0,0,0,0,0,0,0,43429,290247120,9457
"Douglas County",2019,2,0,0,0,0,0,0,0,0,0,43429,289091869,10558
"Douglas County",2019,3,0,0,0,0,0,0,0,0,0,43429,283446394,11008
"Douglas County",2019,4,0,0,0,0,0,0,0,0,0,43429,304889431,12061
"Douglas County",2020,1,0,0,0,0,0,0,0,0,0,43429,233132313,11529
"Douglas County",2020,2,0,0,0,0,0,0,0,0,0,43429,273893955,13355
"Douglas County",2020,3,0,0,0,0,0,0,0,0,0,43429,341429599,13436
"Douglas County",2020,4,0,0,0,0,0,0,0,0,0,43429,374267130,14861
"Douglas County",2021,1,96,12912,29.7,8348,19.2,0,0,13,0,43429,291299102,14538
"Douglas County",2021,2,96.1,21443,49.4,19297,44.4,0,0,15,0,43429,355913110,15149
"Douglas County",2021,3,96.2,25425,58.5,22821,52.5,0,0,16,0,43429,415782421,15034
"Douglas County",2021,4,96.2,27892,64.2,25494,58.7,9110,35.7,16,0,43429,486431802,16686
"Douglas County",2022,1,96.2,28962,66.7,26738,61.6,11794,44.1,16,15,43429,368456791,15480
"Douglas County",2022,2,96.1,29265,67.4,27032,62.2,12640,46.8,14,15,43429,396806027,16214
"Douglas County",2022,3,96.1,29513,68,27245,62.7,12986,47.7,14,15,43429,411766799,16155
"Ferry County",2017,1,0,0,0,0,0,0,0,0,0,7627,9144862,2202
"Ferry County",2017,2,0,0,0,0,0,0,0,0,0,7627,12681743,2285
"Ferry County",2017,3,0,0,0,0,0,0,0,0,0,7627,15305851,2453
"Ferry County",2017,4,0,0,0,0,0,0,0,0,0,7627,13110439,2972
"Ferry County",2018,1,0,0,0,0,0,0,0,0,0,7627,10157981,2153
"Ferry County",2018,2,0,0,0,0,0,0,0,0,0,7627,14367059,2345
"Ferry County",2018,3,0,0,0,0,0,0,0,0,0,7627,18533857,2430
"Ferry County",2018,4,0,0,0,0,0,0,0,0,0,7627,17823609,2961
"Ferry County",2019,1,0,0,0,0,0,0,0,0,0,7627,11674657,2774
"Ferry County",2019,2,0,0,0,0,0,0,0,0,0,7627,15714101,3069
"Ferry County",2019,3,0,0,0,0,0,0,0,0,0,7627,22769894,3295
"Ferry County",2019,4,0,0,0,0,0,0,0,0,0,7627,21314292,3591
"Ferry County",2020,1,0,0,0,0,0,0,0,0,0,7627,12104956,3353
"Ferry County",2020,2,0,0,0,0,0,0,0,0,0,7627,15555030,3724
"Ferry County",2020,3,0,0,0,0,0,0,0,0,0,7627,20201589,3720
"Ferry County",2020,4,0,0,0,0,0,0,0,0,0,7627,18926469,4198
"Ferry County",2021,1,96,2105,27.6,1750,22.9,0,0,13,0,7627,15862242,3952
"Ferry County",2021,2,96.1,3675,48.2,3290,43.1,0,0,15,0,7627,22654515,4332
"Ferry County",2021,3,96.2,4045,53,3600,47.2,0,0,15,0,7627,23939181,4211
"Ferry County",2021,4,96.2,4485,58.8,4047,53.1,1479,36.5,16,0,7627,22797017,4573
"Ferry County",2022,1,96.2,4692,61.5,4269,56,2109,49.4,16,15,7627,20253036,4179
"Ferry County",2022,2,96.1,4798,62.9,4380,57.4,2239,51.1,14,16,7627,28951888,4516
"Ferry County",2022,3,96.1,4849,63.6,4425,58,2314,52.3,14,16,7627,30998990,4568
"Franklin County",2017,1,0,0,0,0,0,0,0,0,0,95222,344779118,10119
"Franklin County",2017,2,0,0,0,0,0,0,0,0,0,95222,401518363,10660
"Franklin County",2017,3,0,0,0,0,0,0,0,0,0,95222,400245526,10929
"Franklin County",2017,4,0,0,0,0,0,0,0,0,0,95222,388095795,12800
"Franklin County",2018,1,0,0,0,0,0,0,0,0,0,95222,376979909,10376
"Franklin County",2018,2,0,0,0,0,0,0,0,0,0,95222,429897618,10655
"Franklin County",2018,3,0,0,0,0,0,0,0,0,0,95222,435239092,10911
"Franklin County",2018,4,0,0,0,0,0,0,0,0,0,95222,414985378,12586
"Franklin County",2019,1,0,0,0,0,0,0,0,0,0,95222,367825824,12412
"Franklin County",2019,2,0,0,0,0,0,0,0,0,0,95222,456992974,13566
"Franklin County",2019,3,0,0,0,0,0,0,0,0,0,95222,469477965,14121
"Franklin County",2019,4,0,0,0,0,0,0,0,0,0,95222,471541036,15609
"Franklin County",2020,1,0,0,0,0,0,0,0,0,0,95222,451498335,14785
"Franklin County",2020,2,0,0,0,0,0,0,0,0,0,95222,495864402,16225
"Franklin County",2020,3,0,0,0,0,0,0,0,0,0,95222,508466478,16232
"Franklin County",2020,4,0,0,0,0,0,0,0,0,0,95222,501661120,17683
"Franklin County",2021,1,96,16723,17.6,9607,10.1,0,0,13,0,95222,496803833,17176
"Franklin County",2021,2,96.1,35317,37.1,30702,32.2,0,0,14,0,95222,596348424,17825
"Franklin County",2021,3,96.2,48937,51.4,40244,42.3,0,0,15,0,95222,570302224,17778
"Franklin County",2021,4,96.2,52079,54.7,46600,48.9,12448,26.7,15,0,95222,709654838,19451
"Franklin County",2022,1,96.2,55530,58.3,50017,52.5,18857,37.7,16,14,95222,680117574,18477
"Franklin County",2022,2,96.1,56525,59.4,50976,53.5,20646,40.5,14,15,95222,695826735,18999
"Franklin County",2022,3,96.1,57583,60.5,51717,54.3,21649,41.9,14,15,95222,686648737,19154
"Garfield County",2017,1,0,0,0,0,0,0,0,0,0,2225,6789523,1155
"Garfield County",2017,2,0,0,0,0,0,0,0,0,0,2225,10132996,1194
"Garfield County",2017,3,0,0,0,0,0,0,0,0,0,2225,7091093,1262
"Garfield County",2017,4,0,0,0,0,0,0,0,0,0,2225,8301254,1476
"Garfield County",2018,1,0,0,0,0,0,0,0,0,0,2225,7113428,1175
"Garfield County",2018,2,0,0,0,0,0,0,0,0,0,2225,8318327,1215
"Garfield County",2018,3,0,0,0,0,0,0,0,0,0,2225,8091438,1251
"Garfield County",2018,4,0,0,0,0,0,0,0,0,0,2225,8896719,1518
"Garfield County",2019,1,0,0,0,0,0,0,0,0,0,2225,8569494,1406
"Garfield County",2019,2,0,0,0,0,0,0,0,0,0,2225,9204361,1563
"Garfield County",2019,3,0,0,0,0,0,0,0,0,0,2225,10408731,1626
"Garfield County",2019,4,0,0,0,0,0,0,0,0,0,2225,9946922,1903
"Garfield County",2020,1,0,0,0,0,0,0,0,0,0,2225,9070008,1743
"Garfield County",2020,2,0,0,0,0,0,0,0,0,0,2225,8909040,2108
"Garfield County",2020,3,0,0,0,0,0,0,0,0,0,2225,10019431,1951
"Garfield County",2020,4,0,0,0,0,0,0,0,0,0,2225,11242490,2134
"Garfield County",2021,1,96,607,27.3,309,13.9,0,0,1,0,2225,9251704,2198
"Garfield County",2021,2,96.1,778,35,542,24.4,0,0,1,0,2225,10714364,2228
"Garfield County",2021,3,96.2,1001,45,731,32.9,0,0,2,0,2225,10714312,2204
"Garfield County",2021,4,96.2,1105,49.7,843,37.9,473,56.1,2,0,2225,11028945,2474
"Garfield County",2022,1,96.2,1134,51,865,38.9,590,68.3,2,4,2225,10114505,2323
"Garfield County",2022,2,96.1,1148,51.6,885,39.8,618,69.8,1,4,2225,10414396,2369
"Garfield County",2022,3,96.1,1152,51.8,887,39.9,626,70.6,1,4,2225,11384635,2356
"Grant County",2017,1,0,0,0,0,0,0,0,0,0,97733,420613541,18210
"Grant County",2017,2,0,0,0,0,0,0,0,0,0,97733,484575764,19673
"Grant County",2017,3,0,0,0,0,0,0,0,0,0,97733,508687758,20142
"Grant County",2017,4,0,0,0,0,0,0,0,0,0,97733,463316434,23204
"Grant County",2018,1,0,0,0,0,0,0,0,0,0,97733,503568742,18749
"Grant County",2018,2,0,0,0,0,0,0,0,0,0,97733,656369037,19614
"Grant County",2018,3,0,0,0,0,0,0,0,0,0,97733,702974183,19851
"Grant County",2018,4,0,0,0,0,0,0,0,0,0,97733,628636597,23193
"Grant County",2019,1,0,0,0,0,0,0,0,0,0,97733,717082939,22287
"Grant County",2019,2,0,0,0,0,0,0,0,0,0,97733,675895764,24514
"Grant County",2019,3,0,0,0,0,0,0,0,0,0,97733,752196817,25606
"Grant County",2019,4,0,0,0,0,0,0,0,0,0,97733,680200947,27814
"Grant County",2020,1,0,0,0,0,0,0,0,0,0,97733,550617392,26697
"Grant County",2020,2,0,0,0,0,0,0,0,0,0,97733,573368452,30087
"Grant County",2020,3,0,0,0,0,0,0,0,0,0,97733,646389893,30185
"Grant County",2020,4,0,0,0,0,0,0,0,0,0,97733,640593338,32981
"Grant County",2021,1,96,21185,21.7,12611,12.9,0,0,13,0,97733,611425221,32326
"Grant County",2021,2,96.1,41268,42.2,37268,38.1,0,0,14,0,97733,723959498,33509
"Grant County",2021,3,96.2,52367,53.6,45800,46.9,0,0,15,0,97733,702200521,33221
"Grant County",2021,4,96.2,57325,58.7,52469,53.7,15159,28.9,16,0,97733,642647004,36034
"Grant County",2022,1,96.2,60564,62,55676,57,21407,38.4,16,14,97733,644494984,33615
"Grant County",2022,2,96.1,61439,62.9,56405,57.7,23351,41.4,14,15,97733,768307055,35376
"Grant County",2022,3,96.1,62145,63.6,56869,58.2,24387,42.9,14,15,97733,865485657,35080
"Grays Harbor County",2017,1,0,0,0,0,0,0,0,0,0,75061,225779402,16980
"Grays Harbor County",2017,2,0,0,0,0,0,0,0,0,0,75061,254895674,17738
"Grays Harbor County",2017,3,0,0,0,0,0,0,0,0,0,75061,305382815,18547
"Grays Harbor County",2017,4,0,0,0,0,0,0,0,0,0,75061,258228550,21820
"Grays Harbor County",2018,1,0,0,0,0,0,0,0,0,0,75061,244124154,16898
"Grays Harbor County",2018,2,0,0,0,0,0,0,0,0,0,75061,286297892,17628
"Grays Harbor County",2018,3,0,0,0,0,0,0,0,0,0,75061,324395456,18282
"Grays Harbor County",2018,4,0,0,0,0,0,0,0,0,0,75061,291669515,21708
"Grays Harbor County",2019,1,0,0,0,0,0,0,0,0,0,75061,270135575,20951
"Grays Harbor County",2019,2,0,0,0,0,0,0,0,0,0,75061,310523046,22668
"Grays Harbor County",2019,3,0,0,0,0,0,0,0,0,0,75061,352924425,23698
"Grays Harbor County",2019,4,0,0,0,0,0,0,0,0,0,75061,298338423,26325
"Grays Harbor County",2020,1,0,0,0,0,0,0,0,0,0,75061,270020453,25147
"Grays Harbor County",2020,2,0,0,0,0,0,0,0,0,0,75061,294837059,27998
"Grays Harbor County",2020,3,0,0,0,0,0,0,0,0,0,75061,381165304,28651
"Grays Harbor County",2020,4,0,0,0,0,0,0,0,0,0,75061,337666714,31582
"Grays Harbor County",2021,1,96,22623,30.1,14511,19.3,0,0,13,0,75061,351768263,31114
"Grays Harbor County",2021,2,96.1,36646,48.8,32996,44,0,0,15,0,75061,421639609,32179
"Grays Harbor County",2021,3,96.2,44470,59.2,39005,52,0,0,16,0,75061,437364443,32219
"Grays Harbor County",2021,4,96.2,46049,61.3,42057,56,15139,36,16,0,75061,373552791,34788
"Grays Harbor County",2022,1,96.2,49845,66.4,45585,60.7,21784,47.8,16,15,75061,376506685,32715
"Grays Harbor County",2022,2,96.1,50624,67.4,46464,61.9,23148,49.8,14,15,75061,431952398,33859
"Grays Harbor County",2022,3,96.1,51117,68.1,46902,62.5,23975,51.1,14,16,75061,482622393,33870
"Island County",2017,1,0,0,0,0,0,0,0,0,0,85141,243280346,13801
"Island County",2017,2,0,0,0,0,0,0,0,0,0,85141,286363717,14503
"Island County",2017,3,0,0,0,0,0,0,0,0,0,85141,304255666,15010
"Island County",2017,4,0,0,0,0,0,0,0,0,0,85141,295201274,18209
"Island County",2018,1,0,0,0,0,0,0,0,0,0,85141,272949500,13522
"Island County",2018,2,0,0,0,0,0,0,0,0,0,85141,313814681,14088
"Island County",2018,3,0,0,0,0,0,0,0,0,0,85141,329882985,14523
"Island County",2018,4,0,0,0,0,0,0,0,0,0,85141,324465371,17562
"Island County",2019,1,0,0,0,0,0,0,0,0,0,85141,276230863,16218
"Island County",2019,2,0,0,0,0,0,0,0,0,0,85141,334231907,17893
"Island County",2019,3,0,0,0,0,0,0,0,0,0,85141,343025503,18723
"Island County",2019,4,0,0,0,0,0,0,0,0,0,85141,331377057,20890
"Island County",2020,1,0,0,0,0,0,0,0,0,0,85141,291482182,19372
"Island County",2020,2,0,0,0,0,0,0,0,0,0,85141,317202605,21142
"Island County",2020,3,0,0,0,0,0,0,0,0,0,85141,376649396,22306
"Island County",2020,4,0,0,0,0,0,0,0,0,0,85141,385950011,24762
"Island County",2021,1,96,26311,30.9,16425,19.3,0,0,1,0,85141,357731300,23467
"Island County",2021,2,96.1,49248,57.8,42187,49.5,0,0,3,0,85141,425829155,24642
"Island County",2021,3,96.2,58460,68.7,49464,58.1,0,0,4,0,85141,437448170,24903
"Island County",2021,4,96.2,61735,72.5,53718,63.1,24026,44.7,4,0,85141,422907824,27269
"Island County",2022,1,96.2,72921,85.6,64642,75.9,30165,48.9,4,3,85141,399872949,25212
"Island County",2022,2,96.1,74550,87.6,65676,77.1,35067,54.6,3,4,85141,442024104,26392
"Island County",2022,3,96.1,75657,88.9,65278,76.7,36656,56.2,3,4,85141,466594361,26565
"Jefferson County",2017,1,0,0,0,0,0,0,0,0,0,32221,104948731,7380
"Jefferson County",2017,2,0,0,0,0,0,0,0,0,0,32221,122991225,7865
"Jefferson County",2017,3,0,0,0,0,0,0,0,0,0,32221,136180019,8085
"Jefferson County",2017,4,0,0,0,0,0,0,0,0,0,32221,124165688,10082
"Jefferson County",2018,1,0,0,0,0,0,0,0,0,0,32221,115835812,7404
"Jefferson County",2018,2,0,0,0,0,0,0,0,0,0,32221,136897144,7753
"Jefferson County",2018,3,0,0,0,0,0,0,0,0,0,32221,157363962,8027
"Jefferson County",2018,4,0,0,0,0,0,0,0,0,0,32221,140900389,9762
"Jefferson County",2019,1,0,0,0,0,0,0,0,0,0,32221,119174533,9080
"Jefferson County",2019,2,0,0,0,0,0,0,0,0,0,32221,146613314,9963
"Jefferson County",2019,3,0,0,0,0,0,0,0,0,0,32221,162988377,10437
"Jefferson County",2019,4,0,0,0,0,0,0,0,0,0,32221,154722260,11684
"Jefferson County",2020,1,0,0,0,0,0,0,0,0,0,32221,128928925,10816
"Jefferson County",2020,2,0,0,0,0,0,0,0,0,0,32221,122879862,11766
"Jefferson County",2020,3,0,0,0,0,0,0,0,0,0,32221,165553206,12340
"Jefferson County",2020,4,0,0,0,0,0,0,0,0,0,32221,159315118,13988
"Jefferson County",2021,1,96,15688,48.7,10554,32.8,0,0,2,0,32221,146266182,13171
"Jefferson County",2021,2,96.1,22085,68.5,21075,65.4,0,0,4,0,32221,176833222,13610
"Jefferson County",2021,3,96.2,23894,74.2,22572,70.1,0,0,4,0,32221,187821027,13909
"Jefferson County",2021,4,96.2,25725,79.8,23961,74.4,14091,58.8,4,0,32221,175547355,15355
"Jefferson County",2022,1,96.2,26617,82.6,24603,76.4,17165,69.8,4,4,32221,167207460,14318
"Jefferson County",2022,2,96.1,27006,83.8,24947,77.4,17907,71.8,3,4,32221,193593089,14722
"Jefferson County",2022,3,96.1,27384,85,25226,78.3,18321,72.6,3,4,32221,219022109,14990
"King County",2017,1,0,0,0,0,0,0,0,0,0,2252782,14094314668,247873
"King County",2017,2,0,0,0,0,0,0,0,0,0,2252782,15383502439,260895
"King County",2017,3,0,0,0,0,0,0,0,0,0,2252782,16566708355,266994
"King County",2017,4,0,0,0,0,0,0,0,0,0,2252782,16866083473,315873
"King County",2018,1,0,0,0,0,0,0,0,0,0,2252782,15358933368,246589
"King County",2018,2,0,0,0,0,0,0,0,0,0,2252782,17314374836,255689
"King County",2018,3,0,0,0,0,0,0,0,0,0,2252782,17932433270,260194
"King County",2018,4,0,0,0,0,0,0,0,0,0,2252782,18454448435,303116
"King County",2019,1,0,0,0,0,0,0,0,0,0,2252782,15961201367,279488
"King County",2019,2,0,0,0,0,0,0,0,0,0,2252782,18557144503,302860
"King County",2019,3,0,0,0,0,0,0,0,0,0,2252782,18992725578,312210
"King County",2019,4,0,0,0,0,0,0,0,0,0,2252782,19318974516,345157
"King County",2020,1,0,0,0,0,0,0,0,0,0,2252782,16548123913,318521
"King County",2020,2,0,0,0,0,0,0,0,0,0,2252782,14478608817,328310
"King County",2020,3,0,0,0,0,0,0,0,0,0,2252782,17412401353,346947
"King County",2020,4,0,0,0,0,0,0,0,0,0,2252782,18561627037,387242
"King County",2021,1,96,682040,30.3,397453,17.6,0,0,5,0,2252782,16934197056,362093
"King County",2021,2,96.1,1574917,69.9,1444393,64.1,0,0,8,0,2252782,19648386941,378238
"King County",2021,3,96.2,1752831,77.8,1604039,71.2,0,0,8,0,2252782,20790357687,382276
"King County",2021,4,96.2,1898886,84.3,1738591,77.2,759210,43.7,8,0,2252782,21111052743,420059
"King County",2022,1,96.2,1993270,88.5,1816794,80.6,1079555,59.4,8,8,2252782,19196636630,390319
"King County",2022,2,96.1,2028632,90.1,1842904,81.8,1158421,62.9,8,8,2252782,21611228554,405357
"King County",2022,3,96.1,2079942,92.3,1877027,83.3,1203489,64.1,8,8,2252782,23103323754,407533
"Kitsap County",2017,1,0,0,0,0,0,0,0,0,0,271473,979087508,30296
"Kitsap County",2017,2,0,0,0,0,0,0,0,0,0,271473,1105281757,31771
"Kitsap County",2017,3,0,0,0,0,0,0,0,0,0,271473,1169102266,32793
"Kitsap County",2017,4,0,0,0,0,0,0,0,0,0,271473,1186737267,39813
"Kitsap County",2018,1,0,0,0,0,0,0,0,0,0,271473,1123999447,30369
"Kitsap County",2018,2,0,0,0,0,0,0,0,0,0,271473,1273106211,31457
"Kitsap County",2018,3,0,0,0,0,0,0,0,0,0,271473,1315487585,32281
"Kitsap County",2018,4,0,0,0,0,0,0,0,0,0,271473,1342266413,38360
"Kitsap County",2019,1,0,0,0,0,0,0,0,0,0,271473,1143238208,35916
"Kitsap County",2019,2,0,0,0,0,0,0,0,0,0,271473,1324739012,38902
"Kitsap County",2019,3,0,0,0,0,0,0,0,0,0,271473,1389159734,40221
"Kitsap County",2019,4,0,0,0,0,0,0,0,0,0,271473,1388974005,44735
"Kitsap County",2020,1,0,0,0,0,0,0,0,0,0,271473,1193034289,41906
"Kitsap County",2020,2,0,0,0,0,0,0,0,0,0,271473,1259247128,44219
"Kitsap County",2020,3,0,0,0,0,0,0,0,0,0,271473,1483848726,46518
"Kitsap County",2020,4,0,0,0,0,0,0,0,0,0,271473,1510252547,52329
"Kitsap County",2021,1,96,85279,31.4,53829,19.8,0,0,5,0,271473,1390233954,49152
"Kitsap County",2021,2,96.1,153410,56.5,133695,49.2,0,0,7,0,271473,1614215271,51360
"Kitsap County",2021,3,96.2,179210,66,153804,56.7,0,0,8,0,271473,1648732934,51890
"Kitsap County",2021,4,96.2,197875,72.9,170909,63,68623,40.2,8,0,271473,1623504312,57076
"Kitsap County",2022,1,96.2,212568,78.3,188850,69.6,95100,50.4,8,8,271473,1546183721,53761
"Kitsap County",2022,2,96.1,218192,80.4,192401,70.9,105249,55.4,7,8,271473,1711842317,55349
"Kitsap County",2022,3,96.1,222225,81.9,193291,71.2,109951,56.9,7,8,271473,1778847300,55850
"Kittitas County",2017,1,0,0,0,0,0,0,0,0,0,47935,214660789,10653
"Kittitas County",2017,2,0,0,0,0,0,0,0,0,0,47935,274806473,11704
"Kittitas County",2017,3,0,0,0,0,0,0,0,0,0,47935,301777849,12073
"Kittitas County",2017,4,0,0,0,0,0,0,0,0,0,47935,282512458,14533
"Kittitas County",2018,1,0,0,0,0,0,0,0,0,0,47935,227620638,10730
"Kittitas County",2018,2,0,0,0,0,0,0,0,0,0,47935,279853100,11485
"Kittitas County",2018,3,0,0,0,0,0,0,0,0,0,47935,327851256,11953
"Kittitas County",2018,4,0,0,0,0,0,0,0,0,0,47935,307543096,14423
"Kittitas County",2019,1,0,0,0,0,0,0,0,0,0,47935,257605361,13524
"Kittitas County",2019,2,0,0,0,0,0,0,0,0,0,47935,309987221,14953
"Kittitas County",2019,3,0,0,0,0,0,0,0,0,0,47935,353677715,15828
"Kittitas County",2019,4,0,0,0,0,0,0,0,0,0,47935,322289690,17733
"Kittitas County",2020,1,0,0,0,0,0,0,0,0,0,47935,268180555,16700
"Kittitas County",2020,2,0,0,0,0,0,0,0,0,0,47935,280094933,18788
"Kittitas County",2020,3,0,0,0,0,0,0,0,0,0,47935,376097793,19333
"Kittitas County",2020,4,0,0,0,0,0,0,0,0,0,47935,363674230,21561
"Kittitas County",2021,1,96,12944,27,9309,19.4,0,0,5,0,47935,319159397,20582
"Kittitas County",2021,2,96.1,22840,47.6,20629,43,0,0,7,0,47935,391652299,21758
"Kittitas County",2021,3,96.2,26317,54.9,23153,48.3,0,0,7,0,47935,429656498,21506
"Kittitas County",2021,4,96.2,27784,58,24798,51.7,9836,39.7,8,0,47935,414496655,23810
"Kittitas County",2022,1,96.2,29050,60.6,25751,53.7,12572,48.8,8,7,47935,366345933,21819
"Kittitas County",2022,2,96.1,29395,61.3,26108,54.5,13374,51.2,6,8,47935,440984131,23029
"Kittitas County",2022,3,96.1,29736,62,26428,55.1,13812,52.3,6,8,47935,506661220,23073
"Klickitat County",2017,1,0,0,0,0,0,0,0,0,0,22425,54413499,6225
"Klickitat County",2017,2,0,0,0,0,0,0,0,0,0,22425,75353152,6730
"Klickitat County",2017,3,0,0,0,0,0,0,0,0,0,22425,83300218,7102
"Klickitat County",2017,4,0,0,0,0,0,0,0,0,0,22425,76812299,8412
"Klickitat County",2018,1,0,0,0,0,0,0,0,0,0,22425,66888659,6406
"Klickitat County",2018,2,0,0,0,0,0,0,0,0,0,22425,89092584,6696
"Klickitat County",2018,3,0,0,0,0,0,0,0,0,0,22425,107401389,7066
"Klickitat County",2018,4,0,0,0,0,0,0,0,0,0,22425,111871935,8365
"Klickitat County",2019,1,0,0,0,0,0,0,0,0,0,22425,74424302,7938
"Klickitat County",2019,2,0,0,0,0,0,0,0,0,0,22425,116121610,8693
"Klickitat County",2019,3,0,0,0,0,0,0,0,0,0,22425,124747282,9205
"Klickitat County",2019,4,0,0,0,0,0,0,0,0,0,22425,101367970,10088
"Klickitat County",2020,1,0,0,0,0,0,0,0,0,0,22425,75254396,9542
"Klickitat County",2020,2,0,0,0,0,0,0,0,0,0,22425,84742848,10908
"Klickitat County",2020,3,0,0,0,0,0,0,0,0,0,22425,99626497,11122
"Klickitat County",2020,4,0,0,0,0,0,0,0,0,0,22425,105071968,12414
"Klickitat County",2021,1,96,5914,26.4,4290,19.1,0,0,9,0,22425,107752095,11794
"Klickitat County",2021,2,96.1,9623,42.9,8815,39.3,0,0,10,0,22425,189012701,12312
"Klickitat County",2021,3,96.2,10444,46.6,9606,42.8,0,0,11,0,22425,185510671,12180
"Klickitat County",2021,4,96.2,11297,50.4,10296,45.9,4228,41.1,11,0,22425,173984326,13451
"Klickitat County",2022,1,96.2,11671,52,10615,47.3,5218,49.2,11,11,22425,115238450,12356
"Klickitat County",2022,2,96.1,11814,52.7,10741,47.9,5600,52.1,9,12,22425,139800675,13120
"Klickitat County",2022,3,96.1,11959,53.3,10861,48.4,5819,53.6,9,12,22425,165807434,13077
"Lewis County",2017,1,0,0,0,0,0,0,0,0,0,80707,295188012,16688
"Lewis County",2017,2,0,0,0,0,0,0,0,0,0,80707,353864365,17238
"Lewis County",2017,3,0,0,0,0,0,0,0,0,0,80707,377413354,17904
"Lewis County",2017,4,0,0,0,0,0,0,0,0,0,80707,358112361,21255
"Lewis County",2018,1,0,0,0,0,0,0,0,0,0,80707,334627530,16675
"Lewis County",2018,2,0,0,0,0,0,0,0,0,0,80707,390225065,17366
"Lewis County",2018,3,0,0,0,0,0,0,0,0,0,80707,422554049,17941
"Lewis County",2018,4,0,0,0,0,0,0,0,0,0,80707,408860258,21129
"Lewis County",2019,1,0,0,0,0,0,0,0,0,0,80707,392389145,20213
"Lewis County",2019,2,0,0,0,0,0,0,0,0,0,80707,437466983,21766
"Lewis County",2019,3,0,0,0,0,0,0,0,0,0,80707,484239095,22764
"Lewis County",2019,4,0,0,0,0,0,0,0,0,0,80707,526517341,25258
"Lewis County",2020,1,0,0,0,0,0,0,0,0,0,80707,361885872,24024
"Lewis County",2020,2,0,0,0,0,0,0,0,0,0,80707,419806817,26356
"Lewis County",2020,3,0,0,0,0,0,0,0,0,0,80707,493351017,27008
"Lewis County",2020,4,0,0,0,0,0,0,0,0,0,80707,481555813,29845
"Lewis County",2021,1,96,18317,22.7,10388,12.9,0,0,13,0,80707,469153369,29056
"Lewis County",2021,2,96.1,33767,41.8,29916,37.1,0,0,14,0,80707,548290734,30194
"Lewis County",2021,3,96.2,43274,53.6,36735,45.5,0,0,15,0,80707,544728024,29976
"Lewis County",2021,4,96.2,43525,53.9,39305,48.7,12251,31.2,15,0,80707,525614334,32852
"Lewis County",2022,1,96.2,45791,56.7,41230,51.1,17966,43.6,16,15,80707,491387747,30828
"Lewis County",2022,2,96.1,46466,57.6,41922,51.9,19233,45.9,14,15,80707,562705618,31908
"Lewis County",2022,3,96.1,47021,58.3,42412,52.6,19830,46.8,14,15,80707,608876675,31986
"Lincoln County",2017,1,0,0,0,0,0,0,0,0,0,10939,21397540,5737
"Lincoln County",2017,2,0,0,0,0,0,0,0,0,0,10939,33505592,6279
"Lincoln County",2017,3,0,0,0,0,0,0,0,0,0,10939,40591829,6559
"Lincoln County",2017,4,0,0,0,0,0,0,0,0,0,10939,37082736,7462
"Lincoln County",2018,1,0,0,0,0,0,0,0,0,0,10939,27638797,5860
"Lincoln County",2018,2,0,0,0,0,0,0,0,0,0,10939,33776513,6184
"Lincoln County",2018,3,0,0,0,0,0,0,0,0,0,10939,40978651,6359
"Lincoln County",2018,4,0,0,0,0,0,0,0,0,0,10939,37324135,7553
"Lincoln County",2019,1,0,0,0,0,0,0,0,0,0,10939,27618931,7120
"Lincoln County",2019,2,0,0,0,0,0,0,0,0,0,10939,37784014,7733
"Lincoln County",2019,3,0,0,0,0,0,0,0,0,0,10939,41184879,8164
"Lincoln County",2019,4,0,0,0,0,0,0,0,0,0,10939,37798272,9097
"Lincoln County",2020,1,0,0,0,0,0,0,0,0,0,10939,29629155,8647
"Lincoln County",2020,2,0,0,0,0,0,0,0,0,0,10939,37480028,9902
"Lincoln County",2020,3,0,0,0,0,0,0,0,0,0,10939,47819478,9906
"Lincoln County",2020,4,0,0,0,0,0,0,0,0,0,10939,47274542,11249
"Lincoln County",2021,1,96,2852,26.1,2071,18.9,0,0,1,0,10939,40493614,10760
"Lincoln County",2021,2,96.1,4485,41,4219,38.6,0,0,2,0,10939,48991399,10978
"Lincoln County",2021,3,96.2,5361,49,4991,45.6,0,0,3,0,10939,51572516,10953
"Lincoln County",2021,4,96.2,5897,53.9,5611,51.3,2292,40.8,4,0,10939,51891186,12215
"Lincoln County",2022,1,96.2,6757,61.8,6305,57.6,3016,47.8,4,3,10939,41906815,11123
"Lincoln County",2022,2,96.1,6873,62.8,6382,58.3,3315,52.3,2,4,10939,55475044,11413
"Lincoln County",2022,3,96.1,6963,63.7,6398,58.5,3400,53.1,2,4,10939,65178968,11440
"Mason County",2017,1,0,0,0,0,0,0,0,0,0,66768,141901633,8323
"Mason County",2017,2,0,0,0,0,0,0,0,0,0,66768,174696618,8834
"Mason County",2017,3,0,0,0,0,0,0,0,0,0,66768,183671178,9221
"Mason County",2017,4,0,0,0,0,0,0,0,0,0,66768,166086168,10883
"Mason County",2018,1,0,0,0,0,0,0,0,0,0,66768,155831427,8478
"Mason County",2018,2,0,0,0,0,0,0,0,0,0,66768,189397576,8859
"Mason County",2018,3,0,0,0,0,0,0,0,0,0,66768,213182680,9190
"Mason County",2018,4,0,0,0,0,0,0,0,0,0,66768,203560291,10779
"Mason County",2019,1,0,0,0,0,0,0,0,0,0,66768,186242507,10161
"Mason County",2019,2,0,0,0,0,0,0,0,0,0,66768,227455139,11144
"Mason County",2019,3,0,0,0,0,0,0,0,0,0,66768,237517472,11685
"Mason County",2019,4,0,0,0,0,0,0,0,0,0,66768,219264232,12830
"Mason County",2020,1,0,0,0,0,0,0,0,0,0,66768,197801156,12031
"Mason County",2020,2,0,0,0,0,0,0,0,0,0,66768,229946145,13181
"Mason County",2020,3,0,0,0,0,0,0,0,0,0,66768,258283727,13858
"Mason County",2020,4,0,0,0,0,0,0,0,0,0,66768,257909336,15171
"Mason County",2021,1,96,19348,29,13570,20.3,0,0,9,0,66768,238421035,14433
"Mason County",2021,2,96.1,33046,49.5,29960,44.9,0,0,11,0,66768,289562313,15279
"Mason County",2021,3,96.2,38742,58,34543,51.7,0,0,12,0,66768,285405826,15354
"Mason County",2021,4,96.2,42372,63.5,38146,57.1,14649,38.4,12,0,66768,276414886,16509
"Mason County",2022,1,96.2,45226,67.7,40567,60.8,19842,48.9,12,11,66768,259599923,15701
"Mason County",2022,2,96.1,46087,69,41262,61.8,21088,51.2,10,12,66768,299186563,16252
"Mason County",2022,3,96.1,46644,69.9,41655,62.4,21792,52.3,10,12,66768,324830360,16338
"Okanogan County",2017,1,0,0,0,0,0,0,0,0,0,42243,117709592,13143
"Okanogan County",2017,2,0,0,0,0,0,0,0,0,0,42243,169584098,14102
"Okanogan County",2017,3,0,0,0,0,0,0,0,0,0,42243,188822262,14531
"Okanogan County",2017,4,0,0,0,0,0,0,0,0,0,42243,163223552,17190
"Okanogan County",2018,1,0,0,0,0,0,0,0,0,0,42243,130138980,13263
"Okanogan County",2018,2,0,0,0,0,0,0,0,0,0,42243,176648709,14155
"Okanogan County",2018,3,0,0,0,0,0,0,0,0,0,42243,205465710,14618
"Okanogan County",2018,4,0,0,0,0,0,0,0,0,0,42243,179395351,17444
"Okanogan County",2019,1,0,0,0,0,0,0,0,0,0,42243,136002209,16211
"Okanogan County",2019,2,0,0,0,0,0,0,0,0,0,42243,188251146,18078
"Okanogan County",2019,3,0,0,0,0,0,0,0,0,0,42243,207179159,19011
"Okanogan County",2019,4,0,0,0,0,0,0,0,0,0,42243,178752313,20833
"Okanogan County",2020,1,0,0,0,0,0,0,0,0,0,42243,144848482,19431
"Okanogan County",2020,2,0,0,0,0,0,0,0,0,0,42243,185520400,21958
"Okanogan County",2020,3,0,0,0,0,0,0,0,0,0,42243,227814187,22183
"Okanogan County",2020,4,0,0,0,0,0,0,0,0,0,42243,214953708,24647
"Okanogan County",2021,1,96,15237,36.1,11793,27.9,0,0,13,0,42243,192991937,23623
"Okanogan County",2021,2,96.1,24068,57,22086,52.3,0,0,16,0,42243,247929301,24644
"Okanogan County",2021,3,96.2,27991,66.3,25251,59.8,0,0,16,0,42243,251908479,24449
"Okanogan County",2021,4,96.2,29907,70.8,27532,65.2,9564,34.7,16,0,42243,238170233,27064
"Okanogan County",2022,1,96.2,30835,73,28386,67.2,12442,43.8,16,15,42243,196419790,24623
"Okanogan County",2022,2,96.1,31336,74.2,28776,68.1,14018,48.7,15,15,42243,251430525,26172
"Okanogan County",2022,3,96.1,31661,74.9,28999,68.6,14544,50.2,15,16,42243,279585460,25998
"Pacific County",2017,1,0,0,0,0,0,0,0,0,0,22471,50619616,6691
"Pacific County",2017,2,0,0,0,0,0,0,0,0,0,22471,62499694,7037
"Pacific County",2017,3,0,0,0,0,0,0,0,0,0,22471,85755181,7431
"Pacific County",2017,4,0,0,0,0,0,0,0,0,0,22471,64404579,8669
"Pacific County",2018,1,0,0,0,0,0,0,0,0,0,22471,56375193,6671
"Pacific County",2018,2,0,0,0,0,0,0,0,0,0,22471,70236357,6959
"Pacific County",2018,3,0,0,0,0,0,0,0,0,0,22471,90203595,7394
"Pacific County",2018,4,0,0,0,0,0,0,0,0,0,22471,72674791,8786
"Pacific County",2019,1,0,0,0,0,0,0,0,0,0,22471,67073006,8385
"Pacific County",2019,2,0,0,0,0,0,0,0,0,0,22471,81657596,9083
"Pacific County",2019,3,0,0,0,0,0,0,0,0,0,22471,101515533,9576
"Pacific County",2019,4,0,0,0,0,0,0,0,0,0,22471,77843996,10391
"Pacific County",2020,1,0,0,0,0,0,0,0,0,0,22471,67620731,9997
"Pacific County",2020,2,0,0,0,0,0,0,0,0,0,22471,73927673,11138
"Pacific County",2020,3,0,0,0,0,0,0,0,0,0,22471,111301455,11507
"Pacific County",2020,4,0,0,0,0,0,0,0,0,0,22471,90945377,12723
"Pacific County",2021,1,96,7001,31.2,5472,24.4,0,0,9,0,22471,84331817,12300
"Pacific County",2021,2,96.1,10899,48.5,9906,44.1,0,0,11,0,22471,111238968,12930
"Pacific County",2021,3,96.2,12224,54.4,10955,48.8,0,0,11,0,22471,123809428,12854
"Pacific County",2021,4,96.2,13638,60.7,11962,53.2,4732,39.6,12,0,22471,96519823,13804
"Pacific County",2022,1,96.2,14949,66.5,13249,59,6695,50.5,12,12,22471,95667256,12855
"Pacific County",2022,2,96.1,15199,67.6,13528,60.2,7238,53.5,10,12,22471,114559660,13341
"Pacific County",2022,3,96.1,15419,68.6,13732,61.1,7537,54.9,10,12,22471,142806877,13472
"Pend Oreille County",2017,1,0,0,0,0,0,0,0,0,0,13724,27171511,4542
"Pend Oreille County",2017,2,0,0,0,0,0,0,0,0,0,13724,30474698,4830
"Pend Oreille County",2017,3,0,0,0,0,0,0,0,0,0,13724,41011903,5098
"Pend Oreille County",2017,4,0,0,0,0,0,0,0,0,0,13724,43112540,6090
"Pend Oreille County",2018,1,0,0,0,0,0,0,0,0,0,13724,29276306,4446
"Pend Oreille County",2018,2,0,0,0,0,0,0,0,0,0,13724,44974421,4765
"Pend Oreille County",2018,3,0,0,0,0,0,0,0,0,0,13724,49643060,4981
"Pend Oreille County",2018,4,0,0,0,0,0,0,0,0,0,13724,49062124,6102
"Pend Oreille County",2019,1,0,0,0,0,0,0,0,0,0,13724,33427564,5530
"Pend Oreille County",2019,2,0,0,0,0,0,0,0,0,0,13724,37776772,6031
"Pend Oreille County",2019,3,0,0,0,0,0,0,0,0,0,13724,44307922,6466
"Pend Oreille County",2019,4,0,0,0,0,0,0,0,0,0,13724,39846315,7090
"Pend Oreille County",2020,1,0,0,0,0,0,0,0,0,0,13724,27860255,6654
"Pend Oreille County",2020,2,0,0,0,0,0,0,0,0,0,13724,34550107,7651
"Pend Oreille County",2020,3,0,0,0,0,0,0,0,0,0,13724,52130623,7751
"Pend Oreille County",2020,4,0,0,0,0,0,0,0,0,0,13724,44098322,8417
"Pend Oreille County",2021,1,96,2936,21.4,1807,13.2,0,0,9,0,13724,30640614,7991
"Pend Oreille County",2021,2,96.1,4497,32.8,3994,29.1,0,0,9,0,13724,43361770,8500
"Pend Oreille County",2021,3,96.2,5413,39.4,4689,34.2,0,0,10,0,13724,47071514,8505
"Pend Oreille County",2021,4,96.2,5984,43.6,5237,38.2,2177,41.6,10,0,13724,49565076,9260
"Pend Oreille County",2022,1,96.2,6385,46.5,5578,40.6,2751,49.3,11,11,13724,44569913,8412
"Pend Oreille County",2022,2,96.1,6520,47.5,5670,41.3,2954,52.4,9,12,13724,59861852,8990
"Pend Oreille County",2022,3,96.1,6619,48.2,5726,41.7,3072,53.7,9,12,13724,62939986,9067
"Pierce County",2017,1,0,0,0,0,0,0,0,0,0,904980,3619706497,94550
"Pierce County",2017,2,0,0,0,0,0,0,0,0,0,904980,3966592417,99055
"Pierce County",2017,3,0,0,0,0,0,0,0,0,0,904980,4227116748,101949
"Pierce County",2017,4,0,0,0,0,0,0,0,0,0,904980,4267662352,120781
"Pierce County",2018,1,0,0,0,0,0,0,0,0,0,904980,3995687042,94805
"Pierce County",2018,2,0,0,0,0,0,0,0,0,0,904980,4386572331,98207
"Pierce County",2018,3,0,0,0,0,0,0,0,0,0,904980,4559615391,100577
"Pierce County",2018,4,0,0,0,0,0,0,0,0,0,904980,4661534741,118438
"Pierce County",2019,1,0,0,0,0,0,0,0,0,0,904980,4210027245,110541
"Pierce County",2019,2,0,0,0,0,0,0,0,0,0,904980,4726143743,119427
"Pierce County",2019,3,0,0,0,0,0,0,0,0,0,904980,4884078316,123509
"Pierce County",2019,4,0,0,0,0,0,0,0,0,0,904980,4937060363,137568
"Pierce County",2020,1,0,0,0,0,0,0,0,0,0,904980,4340892564,128878
"Pierce County",2020,2,0,0,0,0,0,0,0,0,0,904980,4470159065,136787
"Pierce County",2020,3,0,0,0,0,0,0,0,0,0,904980,5225998644,141075
"Pierce County",2020,4,0,0,0,0,0,0,0,0,0,904980,5386470430,156963
"Pierce County",2021,1,96,224392,24.8,143093,15.8,0,0,5,0,904980,5181079652,148928
"Pierce County",2021,2,96.1,479852,53,418025,46.2,0,0,7,0,904980,5954213315,155304
"Pierce County",2021,3,96.2,582040,64.3,504217,55.7,0,0,8,0,904980,5855948471,156307
"Pierce County",2021,4,96.2,612198,67.6,547687,60.5,177054,32.3,8,0,904980,5886581268,171740
"Pierce County",2022,1,96.2,653425,72.2,590000,65.2,262528,44.5,8,7,904980,5492003191,160962
"Pierce County",2022,2,96.1,666772,73.7,600553,66.4,292035,48.9,7,7,904980,6022709237,166781
"Pierce County",2022,3,96.1,678219,74.9,608080,67.2,307182,50.5,7,8,904980,6331841923,165987
"San Juan County",2017,1,0,0,0,0,0,0,0,0,0,17582,95545611,5850
"San Juan County",2017,2,0,0,0,0,0,0,0,0,0,17582,138489781,6462
"San Juan County",2017,3,0,0,0,0,0,0,0,0,0,17582,175314287,6579
"San Juan County",2017,4,0,0,0,0,0,0,0,0,0,17582,114244863,8002
"San Juan County",2018,1,0,0,0,0,0,0,0,0,0,17582,100248690,5762
"San Juan County",2018,2,0,0,0,0,0,0,0,0,0,17582,142425816,6297
"San Juan County",2018,3,0,0,0,0,0,0,0,0,0,17582,179116134,6534
"San Juan County",2018,4,0,0,0,0,0,0,0,0,0,17582,134459849,7733
"San Juan County",2019,1,0,0,0,0,0,0,0,0,0,17582,106742204,7104
"San Juan County",2019,2,0,0,0,0,0,0,0,0,0,17582,160217176,8102
"San Juan County",2019,3,0,0,0,0,0,0,0,0,0,17582,197627419,8461
"San Juan County",2019,4,0,0,0,0,0,0,0,0,0,17582,135559137,9263
"San Juan County",2020,1,0,0,0,0,0,0,0,0,0,17582,112586908,8466
"San Juan County",2020,2,0,0,0,0,0,0,0,0,0,17582,124057923,9631
"San Juan County",2020,3,0,0,0,0,0,0,0,0,0,17582,185625156,10255
"San Juan County",2020,4,0,0,0,0,0,0,0,0,0,17582,157257397,11306
"San Juan County",2021,1,96,7108,40.4,3787,21.5,0,0,1,0,17582,144613442,10659
"San Juan County",2021,2,96.1,12972,73.8,12282,69.9,0,0,4,0,17582,203933764,11310
"San Juan County",2021,3,96.2,13731,78.1,12913,73.4,0,0,4,0,17582,233572176,11601
"San Juan County",2021,4,96.2,14883,84.6,13675,77.8,8010,58.6,4,0,17582,174290792,12411
"San Juan County",2022,1,96.2,15785,89.8,14310,81.4,9445,66,4,4,17582,161143619,11331
"San Juan County",2022,2,96.1,16215,92.2,14540,82.7,9978,68.6,4,4,17582,220844873,12178
"San Juan County",2022,3,96.1,16435,93.5,14707,83.6,10180,69.2,4,4,17582,262030528,12309
"Skagit County",2017,1,0,0,0,0,0,0,0,0,0,129205,624472282,25063
"Skagit County",2017,2,0,0,0,0,0,0,0,0,0,129205,755018715,26522
"Skagit County",2017,3,0,0,0,0,0,0,0,0,0,129205,785420162,27241
"Skagit County",2017,4,0,0,0,0,0,0,0,0,0,129205,766615732,32538
"Skagit County",2018,1,0,0,0,0,0,0,0,0,0,129205,717214116,25476
"Skagit County",2018,2,0,0,0,0,0,0,0,0,0,129205,834383279,26547
"Skagit County",2018,3,0,0,0,0,0,0,0,0,0,129205,867134094,27083
"Skagit County",2018,4,0,0,0,0,0,0,0,0,0,129205,824970563,31916
"Skagit County",2019,1,0,0,0,0,0,0,0,0,0,129205,722033725,30381
"Skagit County",2019,2,0,0,0,0,0,0,0,0,0,129205,848762991,32532
"Skagit County",2019,3,0,0,0,0,0,0,0,0,0,129205,861726614,33965
"Skagit County",2019,4,0,0,0,0,0,0,0,0,0,129205,828659087,37520
"Skagit County",2020,1,0,0,0,0,0,0,0,0,0,129205,713533446,35351
"Skagit County",2020,2,0,0,0,0,0,0,0,0,0,129205,745226717,38452
"Skagit County",2020,3,0,0,0,0,0,0,0,0,0,129205,907911508,39364
"Skagit County",2020,4,0,0,0,0,0,0,0,0,0,129205,894607571,43791
"Skagit County",2021,1,96,41241,31.9,26853,20.8,0,0,9,0,129205,855413143,41871
"Skagit County",2021,2,96.1,73455,56.9,66392,51.4,0,0,12,0,129205,1002209266,43511
"Skagit County",2021,3,96.2,85251,66,75918,58.8,0,0,12,0,129205,1011076633,43918
"Skagit County",2021,4,96.2,90606,70.1,82475,63.8,34580,41.9,12,0,129205,976672080,47877
"Skagit County",2022,1,96.2,95021,73.5,86411,66.9,46414,53.7,12,12,129205,960304133,45096
"Skagit County",2022,2,96.1,96404,74.6,87642,67.8,49245,56.2,11,12,129205,1070189908,46646
"Skagit County",2022,3,96.1,97764,75.7,88603,68.6,50938,57.5,11,12,129205,1102108750,47000
"Skamania County",2017,1,0,0,0,0,0,0,0,0,0,12083,19037615,3355
"Skamania County",2017,2,0,0,0,0,0,0,0,0,0,12083,34885375,3741
"Skamania County",2017,3,0,0,0,0,0,0,0,0,0,12083,43741415,3880
"Skamania County",2017,4,0,0,0,0,0,0,0,0,0,12083,36435584,4621
"Skamania County",2018,1,0,0,0,0,0,0,0,0,0,12083,26868390,3454
"Skamania County",2018,2,0,0,0,0,0,0,0,0,0,12083,33729790,3651
"Skamania County",2018,3,0,0,0,0,0,0,0,0,0,12083,40769517,3826
"Skamania County",2018,4,0,0,0,0,0,0,0,0,0,12083,37555173,4699
"Skamania County",2019,1,0,0,0,0,0,0,0,0,0,12083,31825404,4345
"Skamania County",2019,2,0,0,0,0,0,0,0,0,0,12083,49564553,4815
"Skamania County",2019,3,0,0,0,0,0,0,0,0,0,12083,53084252,5165
"Skamania County",2019,4,0,0,0,0,0,0,0,0,0,12083,41821126,5700
"Skamania County",2020,1,0,0,0,0,0,0,0,0,0,12083,33122161,5466
"Skamania County",2020,2,0,0,0,0,0,0,0,0,0,12083,34353855,6219
"Skamania County",2020,3,0,0,0,0,0,0,0,0,0,12083,45289477,6460
"Skamania County",2020,4,0,0,0,0,0,0,0,0,0,12083,38877065,7347
"Skamania County",2021,1,96,2135,17.7,1491,12.3,0,0,1,0,12083,32555928,6991
"Skamania County",2021,2,96.1,4138,34.2,3831,31.7,0,0,2,0,12083,46415612,7304
"Skamania County",2021,3,96.2,4696,38.9,4295,35.5,0,0,2,0,12083,55586376,7274
"Skamania County",2021,4,96.2,4875,40.3,4468,37,2005,44.9,2,0,12083,50071164,8077
"Skamania County",2022,1,96.2,5077,42,4658,38.6,2620,56.2,2,4,12083,45767503,7273
"Skamania County",2022,2,96.1,5150,42.6,4715,39,2782,59,1,4,12083,56732105,7706
"Skamania County",2022,3,96.1,5223,43.2,4777,39.5,2868,60,1,4,12083,76710915,7842
"Snohomish County",2017,1,0,0,0,0,0,0,0,0,0,822083,3177968199,101115
"Snohomish County",2017,2,0,0,0,0,0,0,0,0,0,822083,3578341603,106685
"Snohomish County",2017,3,0,0,0,0,0,0,0,0,0,822083,3841744055,109422
"Snohomish County",2017,4,0,0,0,0,0,0,0,0,0,822083,3911845776,129728
"Snohomish County",2018,1,0,0,0,0,0,0,0,0,0,822083,3500092575,100725
"Snohomish County",2018,2,0,0,0,0,0,0,0,0,0,822083,3920421863,104658
"Snohomish County",2018,3,0,0,0,0,0,0,0,0,0,822083,4060752892,107250
"Snohomish County",2018,4,0,0,0,0,0,0,0,0,0,822083,4201183322,124612
"Snohomish County",2019,1,0,0,0,0,0,0,0,0,0,822083,3654728165,116394
"Snohomish County",2019,2,0,0,0,0,0,0,0,0,0,822083,4199307342,126645
"Snohomish County",2019,3,0,0,0,0,0,0,0,0,0,822083,4453808175,131417
"Snohomish County",2019,4,0,0,0,0,0,0,0,0,0,822083,4564511179,144842
"Snohomish County",2020,1,0,0,0,0,0,0,0,0,0,822083,3816333267,134813
"Snohomish County",2020,2,0,0,0,0,0,0,0,0,0,822083,3804265873,142941
"Snohomish County",2020,3,0,0,0,0,0,0,0,0,0,822083,4634502617,150006
"Snohomish County",2020,4,0,0,0,0,0,0,0,0,0,822083,4838207734,167234
"Snohomish County",2021,1,96,223393,27.2,133566,16.2,0,0,5,0,822083,4381795240,157715
"Snohomish County",2021,2,96.1,497260,60.5,445787,54.2,0,0,8,0,822083,5096675978,164911
"Snohomish County",2021,3,96.2,573543,69.8,514187,62.5,0,0,8,0,822083,5367669109,166263
"Snohomish County",2021,4,96.2,594379,72.3,546720,66.5,203878,37.3,8,0,822083,5442484796,182168
"Snohomish County",2022,1,96.2,627825,76.4,579089,70.4,312196,53.9,8,8,822083,4945846904,170347
"Snohomish County",2022,2,96.1,636882,77.5,586358,71.3,336056,57.3,7,8,822083,5402410353,177093
"Snohomish County",2022,3,96.1,649441,79,594743,72.3,349825,58.8,7,8,822083,5705458227,177771
"Spokane County",2017,1,0,0,0,0,0,0,0,0,0,522798,2077686189,42863
"Spokane County",2017,2,0,0,0,0,0,0,0,0,0,522798,2463644776,45717
"Spokane County",2017,3,0,0,0,0,0,0,0,0,0,522798,2641268444,46767
"Spokane County",2017,4,0,0,0,0,0,0,0,0,0,522798,2630541969,56027
"Spokane County",2018,1,0,0,0,0,0,0,0,0,0,522798,2288258220,43352
"Spokane County",2018,2,0,0,0,0,0,0,0,0,0,522798,2681904403,45438
"Spokane County",2018,3,0,0,0,0,0,0,0,0,0,522798,2791963727,46165
"Spokane County",2018,4,0,0,0,0,0,0,0,0,0,522798,2887597196,55283
"Spokane County",2019,1,0,0,0,0,0,0,0,0,0,522798,2399775562,51140
"Spokane County",2019,2,0,0,0,0,0,0,0,0,0,522798,2941314718,55814
"Spokane County",2019,3,0,0,0,0,0,0,0,0,0,522798,3066374756,57774
"Spokane County",2019,4,0,0,0,0,0,0,0,0,0,522798,3058634596,64678
"Spokane County",2020,1,0,0,0,0,0,0,0,0,0,522798,2574886022,60036
"Spokane County",2020,2,0,0,0,0,0,0,0,0,0,522798,2758849693,64238
"Spokane County",2020,3,0,0,0,0,0,0,0,0,0,522798,3147226998,66015
"Spokane County",2020,4,0,0,0,0,0,0,0,0,0,522798,3165291594,73795
"Spokane County",2021,1,96,142557,27.3,94055,18,0,0,5,0,522798,3051422654,70267
"Spokane County",2021,2,96.1,267307,51.1,236406,45.2,0,0,7,0,522798,3611044606,73782
"Spokane County",2021,3,96.2,322610,61.7,279286,53.4,0,0,8,0,522798,3610481968,74125
"Spokane County",2021,4,96.2,337141,64.5,302419,57.8,103842,34.3,8,0,522798,3668952896,82159
"Spokane County",2022,1,96.2,354338,67.8,318720,61,149825,47,8,7,522798,3241125341,76508
"Spokane County",2022,2,96.1,359936,68.8,324243,62,159901,49.3,6,7,522798,3789172275,80342
"Spokane County",2022,3,96.1,365728,70,328462,62.8,166364,50.6,6,8,522798,3895465038,80499
"Stevens County",2017,1,0,0,0,0,0,0,0,0,0,45723,90900821,9013
"Stevens County",2017,2,0,0,0,0,0,0,0,0,0,45723,124349856,9714
"Stevens County",2017,3,0,0,0,0,0,0,0,0,0,45723,143410541,10089
"Stevens County",2017,4,0,0,0,0,0,0,0,0,0,45723,137168781,11969
"Stevens County",2018,1,0,0,0,0,0,0,0,0,0,45723,105284128,9187
"Stevens County",2018,2,0,0,0,0,0,0,0,0,0,45723,134114047,9632
"Stevens County",2018,3,0,0,0,0,0,0,0,0,0,45723,142378019,10050
"Stevens County",2018,4,0,0,0,0,0,0,0,0,0,45723,143213867,11972
"Stevens County",2019,1,0,0,0,0,0,0,0,0,0,45723,108357675,11334
"Stevens County",2019,2,0,0,0,0,0,0,0,0,0,45723,139498539,12431
"Stevens County",2019,3,0,0,0,0,0,0,0,0,0,45723,147073850,13098
"Stevens County",2019,4,0,0,0,0,0,0,0,0,0,45723,143868293,14565
"Stevens County",2020,1,0,0,0,0,0,0,0,0,0,45723,111620387,13435
"Stevens County",2020,2,0,0,0,0,0,0,0,0,0,45723,150399394,15117
"Stevens County",2020,3,0,0,0,0,0,0,0,0,0,45723,168960936,15371
"Stevens County",2020,4,0,0,0,0,0,0,0,0,0,45723,173041744,16913
"Stevens County",2021,1,96,8797,19.2,5135,11.2,0,0,5,0,45723,152809814,16365
"Stevens County",2021,2,96.1,14863,32.5,13157,28.8,0,0,5,0,45723,195713249,17448
"Stevens County",2021,3,96.2,17688,38.7,15260,33.4,0,0,6,0,45723,205129628,17140
"Stevens County",2021,4,96.2,19293,42.2,17147,37.5,6852,40,6,0,45723,201012095,18877
"Stevens County",2022,1,96.2,20041,43.8,17858,39.1,9012,50.5,6,8,45723,159776605,17496
"Stevens County",2022,2,96.1,20312,44.4,18145,39.7,9479,52.2,5,8,45723,216053708,18473
"Stevens County",2022,3,96.1,20583,45,18332,40.1,9826,53.6,5,8,45723,250348530,18656
"Thurston County",2017,1,0,0,0,0,0,0,0,0,0,290536,1153978121,34116
"Thurston County",2017,2,0,0,0,0,0,0,0,0,0,290536,1336413549,35924
"Thurston County",2017,3,0,0,0,0,0,0,0,0,0,290536,1369648113,36999
"Thurston County",2017,4,0,0,0,0,0,0,0,0,0,290536,1370301114,44385
"Thurston County",2018,1,0,0,0,0,0,0,0,0,0,290536,1262105415,34273
"Thurston County",2018,2,0,0,0,0,0,0,0,0,0,290536,1405911877,35384
"Thurston County",2018,3,0,0,0,0,0,0,0,0,0,290536,1499725097,36121
"Thurston County",2018,4,0,0,0,0,0,0,0,0,0,290536,1488082276,42623
"Thurston County",2019,1,0,0,0,0,0,0,0,0,0,290536,1328888950,40244
"Thurston County",2019,2,0,0,0,0,0,0,0,0,0,290536,1590041783,43791
"Thurston County",2019,3,0,0,0,0,0,0,0,0,0,290536,1619804298,45336
"Thurston County",2019,4,0,0,0,0,0,0,0,0,0,290536,1624559750,50265
"Thurston County",2020,1,0,0,0,0,0,0,0,0,0,290536,1442683788,47107
"Thurston County",2020,2,0,0,0,0,0,0,0,0,0,290536,1525764270,50261
"Thurston County",2020,3,0,0,0,0,0,0,0,0,0,290536,1715897852,52365
"Thurston County",2020,4,0,0,0,0,0,0,0,0,0,290536,1933989836,58587
"Thurston County",2021,1,96,82613,28.4,52009,17.9,0,0,5,0,290536,1676147595,55882
"Thurston County",2021,2,96.1,157930,54.4,143689,49.5,0,0,7,0,290536,1944163720,58097
"Thurston County",2021,3,96.2,186229,64.1,167227,57.6,0,0,8,0,290536,1902149012,58519
"Thurston County",2021,4,96.2,202234,69.6,183272,63.1,76796,41.9,8,0,290536,1879373983,64190
"Thurston County",2022,1,96.2,222919,76.7,200075,68.9,102926,51.4,8,8,290536,1771794609,60444
"Thurston County",2022,2,96.1,227675,78.4,203636,70.1,111095,54.9,7,8,290536,2015673302,62619
"Thurston County",2022,3,96.1,231592,79.7,205999,70.9,116352,56.5,7,8,290536,2061544496,62824
"Wahkiakum County",2017,1,0,0,0,0,0,0,0,0,0,4488,7380155,1797
"Wahkiakum County",2017,2,0,0,0,0,0,0,0,0,0,4488,7468118,1852
"Wahkiakum County",2017,3,0,0,0,0,0,0,0,0,0,4488,8908195,1951
"Wahkiakum County",2017,4,0,0,0,0,0,0,0,0,0,4488,7930061,2308
"Wahkiakum County",2018,1,0,0,0,0,0,0,0,0,0,4488,7754156,1765
"Wahkiakum County",2018,2,0,0,0,0,0,0,0,0,0,4488,9201884,1959
"Wahkiakum County",2018,3,0,0,0,0,0,0,0,0,0,4488,9833503,2062
"Wahkiakum County",2018,4,0,0,0,0,0,0,0,0,0,4488,8914165,2489
"Wahkiakum County",2019,1,0,0,0,0,0,0,0,0,0,4488,7675791,2391
"Wahkiakum County",2019,2,0,0,0,0,0,0,0,0,0,4488,10725889,2561
"Wahkiakum County",2019,3,0,0,0,0,0,0,0,0,0,4488,11083507,2838
"Wahkiakum County",2019,4,0,0,0,0,0,0,0,0,0,4488,11289648,3093
"Wahkiakum County",2020,1,0,0,0,0,0,0,0,0,0,4488,8959021,2991
"Wahkiakum County",2020,2,0,0,0,0,0,0,0,0,0,4488,10387767,3427
"Wahkiakum County",2020,3,0,0,0,0,0,0,0,0,0,4488,13322715,3415
"Wahkiakum County",2020,4,0,0,0,0,0,0,0,0,0,4488,14622720,3894
"Wahkiakum County",2021,1,96,1307,29.1,863,19.2,0,0,1,0,4488,11674312,3600
"Wahkiakum County",2021,2,96.1,1947,43.4,1826,40.7,0,0,3,0,4488,13221344,3777
"Wahkiakum County",2021,3,96.2,2178,48.5,1995,44.5,0,0,3,0,4488,16572467,3785
"Wahkiakum County",2021,4,96.2,2301,51.3,2141,47.7,854,39.9,3,0,4488,13870496,4198
"Wahkiakum County",2022,1,96.2,2359,52.6,2191,48.8,1058,48.3,3,3,4488,13761346,3863
"Wahkiakum County",2022,2,96.1,2391,53.3,2218,49.4,1141,51.4,1,4,4488,14835700,4019
"Wahkiakum County",2022,3,96.1,2416,53.8,2234,49.8,1184,53,1,4,4488,17934840,3994
"Walla Walla County",2017,1,0,0,0,0,0,0,0,0,0,60760,198146044,11139
"Walla Walla County",2017,2,0,0,0,0,0,0,0,0,0,60760,251718088,11727
"Walla Walla County",2017,3,0,0,0,0,0,0,0,0,0,60760,254670008,12036
"Walla Walla County",2017,4,0,0,0,0,0,0,0,0,0,60760,249697989,14471
"Walla Walla County",2018,1,0,0,0,0,0,0,0,0,0,60760,224005746,11290
"Walla Walla County",2018,2,0,0,0,0,0,0,0,0,0,60760,273798289,11770
"Walla Walla County",2018,3,0,0,0,0,0,0,0,0,0,60760,280976947,12025
"Walla Walla County",2018,4,0,0,0,0,0,0,0,0,0,60760,275867086,14299
"Walla Walla County",2019,1,0,0,0,0,0,0,0,0,0,60760,228814456,13841
"Walla Walla County",2019,2,0,0,0,0,0,0,0,0,0,60760,291767573,14857
"Walla Walla County",2019,3,0,0,0,0,0,0,0,0,0,60760,306769625,15702
"Walla Walla County",2019,4,0,0,0,0,0,0,0,0,0,60760,298614732,17378
"Walla Walla County",2020,1,0,0,0,0,0,0,0,0,0,60760,251048078,16529
"Walla Walla County",2020,2,0,0,0,0,0,0,0,0,0,60760,288825317,18092
"Walla Walla County",2020,3,0,0,0,0,0,0,0,0,0,60760,345794015,18527
"Walla Walla County",2020,4,0,0,0,0,0,0,0,0,0,60760,334388984,20814
"Walla Walla County",2021,1,96,20999,34.6,14495,23.9,0,0,9,0,60760,312337023,19946
"Walla Walla County",2021,2,96.1,32370,53.3,29342,48.3,0,0,11,0,60760,391456991,20668
"Walla Walla County",2021,3,96.2,37951,62.5,33414,55,0,0,12,0,60760,406052835,20690
"Walla Walla County",2021,4,96.2,41187,67.8,37007,60.9,14463,39.1,12,0,60760,395146169,22869
"Walla Walla County",2022,1,96.2,42741,70.3,38469,63.3,18571,48.3,12,11,60760,341391959,21348
"Walla Walla County",2022,2,96.1,43338,71.3,39034,64.2,19814,50.8,10,12,60760,408067254,22105
"Walla Walla County",2022,3,96.1,43905,72.3,39459,64.9,20540,52.1,10,12,60760,414391066,22100
"Whatcom County",2017,1,0,0,0,0,0,0,0,0,0,229247,913350622,31489
"Whatcom County",2017,2,0,0,0,0,0,0,0,0,0,229247,1079097631,33520
"Whatcom County",2017,3,0,0,0,0,0,0,0,0,0,229247,1137366375,34633
"Whatcom County",2017,4,0,0,0,0,0,0,0,0,0,229247,1110711041,42178
"Whatcom County",2018,1,0,0,0,0,0,0,0,0,0,229247,1012158454,31670
"Whatcom County",2018,2,0,0,0,0,0,0,0,0,0,229247,1145975672,33021
"Whatcom County",2018,3,0,0,0,0,0,0,0,0,0,229247,1209655298,33852
"Whatcom County",2018,4,0,0,0,0,0,0,0,0,0,229247,1184261349,41239
"Whatcom County",2019,1,0,0,0,0,0,0,0,0,0,229247,1040130835,38279
"Whatcom County",2019,2,0,0,0,0,0,0,0,0,0,229247,1225230086,41903
"Whatcom County",2019,3,0,0,0,0,0,0,0,0,0,229247,1282086786,43501
"Whatcom County",2019,4,0,0,0,0,0,0,0,0,0,229247,1279488282,49110
"Whatcom County",2020,1,0,0,0,0,0,0,0,0,0,229247,1067399581,45210
"Whatcom County",2020,2,0,0,0,0,0,0,0,0,0,229247,1047290052,45087
"Whatcom County",2020,3,0,0,0,0,0,0,0,0,0,229247,1300151439,46757
"Whatcom County",2020,4,0,0,0,0,0,0,0,0,0,229247,1335531203,52522
"Whatcom County",2021,1,96,72277,31.5,44520,19.4,0,0,5,0,229247,1233713726,49647
"Whatcom County",2021,2,96.1,154560,67.4,138256,60.3,0,0,8,0,229247,1439056656,51583
"Whatcom County",2021,3,96.2,173344,75.6,155025,67.6,0,0,8,0,229247,1470278024,52232
"Whatcom County",2021,4,96.2,173850,75.8,156828,68.4,60108,38.3,8,0,229247,1481588377,58439
"Whatcom County",2022,1,96.2,181649,79.2,163902,71.5,89221,54.4,8,8,229247,1378974908,55121
"Whatcom County",2022,2,96.1,184840,80.6,166423,72.6,94368,56.7,7,8,229247,1579185983,59338
"Whatcom County",2022,3,96.1,188420,82.2,168490,73.5,97711,58,7,8,229247,1691410957,59775
"Whitman County",2017,1,0,0,0,0,0,0,0,0,0,50104,168510503,12717
"Whitman County",2017,2,0,0,0,0,0,0,0,0,0,50104,177121987,13434
"Whitman County",2017,3,0,0,0,0,0,0,0,0,0,50104,204884844,13875
"Whitman County",2017,4,0,0,0,0,0,0,0,0,0,50104,186213094,16552
"Whitman County",2018,1,0,0,0,0,0,0,0,0,0,50104,168810893,12816
"Whitman County",2018,2,0,0,0,0,0,0,0,0,0,50104,183599618,12910
"Whitman County",2018,3,0,0,0,0,0,0,0,0,0,50104,241297288,13571
"Whitman County",2018,4,0,0,0,0,0,0,0,0,0,50104,202615725,16361
"Whitman County",2019,1,0,0,0,0,0,0,0,0,0,50104,161397540,15651
"Whitman County",2019,2,0,0,0,0,0,0,0,0,0,50104,186828728,16670
"Whitman County",2019,3,0,0,0,0,0,0,0,0,0,50104,219850634,17583
"Whitman County",2019,4,0,0,0,0,0,0,0,0,0,50104,208193204,19847
"Whitman County",2020,1,0,0,0,0,0,0,0,0,0,50104,187905303,18794
"Whitman County",2020,2,0,0,0,0,0,0,0,0,0,50104,181385211,20657
"Whitman County",2020,3,0,0,0,0,0,0,0,0,0,50104,228589371,20817
"Whitman County",2020,4,0,0,0,0,0,0,0,0,0,50104,215013388,23399
"Whitman County",2021,1,96,9933,19.8,6790,13.6,0,0,9,0,50104,178380431,22696
"Whitman County",2021,2,96.1,21008,41.9,18073,36.1,0,0,10,0,50104,208065012,22949
"Whitman County",2021,3,96.2,24281,48.5,20544,41,0,0,11,0,50104,234642071,23252
"Whitman County",2021,4,96.2,26826,53.5,22359,44.6,8080,36.1,11,0,50104,236644471,25747
"Whitman County",2022,1,96.2,28482,56.8,23321,46.5,11242,48.2,11,11,50104,217058871,24062
"Whitman County",2022,2,96.1,29042,58,23826,47.6,12425,52.1,9,12,50104,239829653,24338
"Whitman County",2022,3,96.1,29928,59.7,24370,48.6,13050,53.5,9,12,50104,279354659,24244
"Yakima County",2017,1,0,0,0,0,0,0,0,0,0,250873,820131034,30327
"Yakima County",2017,2,0,0,0,0,0,0,0,0,0,250873,995380260,32084
"Yakima County",2017,3,0,0,0,0,0,0,0,0,0,250873,1034311488,32816
"Yakima County",2017,4,0,0,0,0,0,0,0,0,0,250873,1042606603,38141
"Yakima County",2018,1,0,0,0,0,0,0,0,0,0,250873,936079300,30812
"Yakima County",2018,2,0,0,0,0,0,0,0,0,0,250873,1066794047,31857
"Yakima County",2018,3,0,0,0,0,0,0,0,0,0,250873,1077264969,32435
"Yakima County",2018,4,0,0,0,0,0,0,0,0,0,250873,1063186598,37433
"Yakima County",2019,1,0,0,0,0,0,0,0,0,0,250873,913931638,35674
"Yakima County",2019,2,0,0,0,0,0,0,0,0,0,250873,1104441913,38610
"Yakima County",2019,3,0,0,0,0,0,0,0,0,0,250873,1133930369,40057
"Yakima County",2019,4,0,0,0,0,0,0,0,0,0,250873,1116743386,43989
"Yakima County",2020,1,0,0,0,0,0,0,0,0,0,250873,994951481,41857
"Yakima County",2020,2,0,0,0,0,0,0,0,0,0,250873,1073379457,46058
"Yakima County",2020,3,0,0,0,0,0,0,0,0,0,250873,1192143742,46695
"Yakima County",2020,4,0,0,0,0,0,0,0,0,0,250873,1187678025,50929
"Yakima County",2021,1,96,67341,26.8,42995,17.1,0,0,13,0,250873,1140242187,49705
"Yakima County",2021,2,96.1,122430,48.8,107714,42.9,0,0,15,0,250873,1344390292,51729
"Yakima County",2021,3,96.2,152620,60.8,130195,51.9,0,0,16,0,250873,1325815248,51386
"Yakima County",2021,4,96.2,165359,65.9,145962,58.2,43483,29.8,16,0,250873,1342338638,55689
"Yakima County",2022,1,96.2,175161,69.8,155777,62.1,63167,40.5,16,15,250873,1213669114,52636
"Yakima County",2022,2,96.1,177628,70.8,158714,63.3,67860,42.8,14,15,250873,1395782163,54159
"Yakima County",2022,3,96.1,180454,71.9,160735,64.1,71738,44.6,14,15,250873,1397765791,53886
